URL,Birincil niyet,İkincil sorgular,Arama aşaması,Not
/,darende ajans,malatya dijital ajans; darende dijital ajans; dijital ajans malatya,Marka/Ticari,Ana marka + bölge geçidi
/malatya-dijital-ajans/,malatya dijital ajans,malatya reklam ajansı; malatya web tasarım seo; malatya dijital pazarlama ajansı,Ticari,Malatya için tek güçlü pillar; şehir varyasyonu için kopya sayfa üretme
/darende-web-tasarim/,darende web tasarım,malatya web tasarım; malatya web sitesi; mobil uyumlu web tasarım,Ticari,Malatya bağlamı sayfa içinde doğal biçimde eklendi
/darende-seo/,darende seo,malatya seo; malatya seo danışmanlığı; yerel seo malatya; ai search seo,Ticari,Teknik + içerik + Search Console + AI Search temeli
/darende-google-ads/,darende google ads,malatya google ads; google reklam yönetimi malatya; dönüşüm odaklı reklam,Ticari,Reklam ile landing page uyumu
/darende-sosyal-medya-yonetimi/,darende sosyal medya yönetimi,malatya sosyal medya ajansı; malatya meta ads; instagram reklam yönetimi,Ticari,Organik + kreatif + Meta Ads
/darende-e-ticaret/,darende e-ticaret,malatya e-ticaret sitesi; e-ticaret web tasarım malatya,Ticari,Mobil mağaza + SEO + ölçüm
/darende-google-harita-yonetimi/,darende google harita yönetimi,malatya google işletme profili; yerel seo; google maps yönetimi,Ticari/Yerel,Sahte adres eklenmez
/darende-web-sitesi-fiyatlari/,darende web sitesi fiyatları,malatya web sitesi fiyatları; kurumsal site maliyeti,Bilgi/Ticari,Fiyat niyetini ayrı sayfada karşıla
/blog/,dijital pazarlama rehberi,seo rehberi; google ads rehberi; yerel seo malatya,Bilgi,Yeni özgün içeriklerin merkezi
